Objeto,Data,GEO_ID
"IP023272165BR","05/08/2018",253
"IP023272174BR","05/08/2018",253
"IP023272188BR","05/08/2018",254
"IP023272191BR","05/08/2018",255
"IP023272205BR","05/08/2018",255
"IP023272214BR","05/08/2018",255
"IP023272228BR","05/08/2018",256
"IP023272231BR","05/08/2018",257
"IP023272245BR","05/08/2018",258
"IP023272259BR","05/08/2018",259
"IP023272262BR","05/08/2018",260
"IP023272276BR","05/08/2018",261
"IP023272280BR","05/08/2018",261
"IP023272293BR","05/08/2018",261
"IP023272302BR","05/08/2018",262
"IP023272316BR","05/08/2018",262
"IP023272320BR","05/08/2018",262
"IP023272333BR","05/08/2018",263
"IP023272347BR","05/08/2018",263
"IP023272355BR","05/08/2018",264
"IP023272364BR","05/08/2018",265
"IP023272378BR","05/08/2018",265
"IP023272381BR","05/08/2018",266
"IP023272395BR","05/08/2018",266
"IP023272404BR","05/08/2018",267
"IP023272418BR","05/08/2018",267
"IP023272421BR","05/08/2018",268
"IP023272435BR","05/08/2018",268
"IP023272449BR","05/08/2018",268
"IP023272452BR","05/08/2018",269
"IP023272466BR","05/08/2018",269
"IP023272470BR","05/08/2018",269
"IP023272483BR","05/08/2018",270
"IP023272497BR","05/08/2018",270
"IP023272506BR","05/08/2018",270
"IP023272510BR","05/08/2018",271
"IP023272523BR","05/08/2018",271
"IP023272537BR","05/08/2018",272
"IP023272545BR","05/08/2018",272
"IP023272554BR","05/08/2018",273
"IP023272568BR","05/08/2018",274
"IP023272571BR","05/08/2018",274
"IP023272585BR","05/08/2018",274
"IP023272599BR","05/08/2018",274
"IP023272608BR","05/08/2018",275
"IP023272611BR","05/08/2018",276
"IP023272625BR","05/08/2018",276
"IP023272639BR","05/08/2018",276
"IP023272642BR","05/08/2018",277
"IP023272656BR","05/08/2018",277
"IP023272660BR","05/08/2018",278
"IP023272673BR","05/08/2018",279
"IP023272687BR","05/08/2018",279
"IP023272695BR","05/08/2018",279
"IP023272700BR","05/08/2018",280
"IP023272713BR","05/08/2018",280
"IP023272727BR","05/08/2018",281
"IP023272735BR","05/08/2018",281
"IP023272744BR","05/08/2018",281
"IP023272758BR","05/08/2018",282
"IP023272761BR","05/08/2018",282
"IP023272775BR","05/08/2018",282
"IP023272789BR","05/08/2018",283
"IP023272792BR","05/08/2018",283
"IP023272801BR","05/08/2018",284
"IP023272815BR","05/08/2018",284
"IP023272829BR","05/08/2018",285
"IP023272832BR","05/08/2018",285
"IP023272846BR","05/08/2018",286
"IP023272850BR","05/08/2018",286
"IP023272863BR","05/08/2018",286
"IP023272877BR","05/08/2018",287
"IP023272885BR","05/08/2018",287
"IP023272894BR","05/08/2018",288
"IP023272903BR","05/08/2018",288
"IP023272917BR","05/08/2018",253
"IP023272925BR","05/08/2018",253
"IP023272934BR","05/08/2018",254
"IP023272948BR","05/08/2018",255
"IP023272951BR","05/08/2018",255
"IP023272965BR","05/08/2018",255
"IP023272979BR","05/08/2018",256
"IP023272982BR","05/08/2018",257
"IP023272996BR","05/08/2018",258
"IP023273002BR","05/08/2018",259
"IP023273016BR","05/08/2018",260
"IP023273020BR","05/08/2018",261
"IP023273033BR","05/08/2018",261
"IP023273047BR","05/08/2018",261
"IP023273055BR","05/08/2018",262
"IP023273064BR","05/08/2018",262
"IP023273078BR","05/08/2018",262
"IP023273081BR","05/08/2018",263
"IP023273095BR","05/08/2018",263
"IP023273104BR","05/08/2018",264
"IP023273118BR","05/08/2018",265
"IP023273121BR","05/08/2018",265
"IP023273135BR","05/08/2018",266
"IP023273149BR","05/08/2018",266
"IP023273152BR","05/08/2018",267
"IP023273166BR","05/08/2018",267
"IP023273170BR","05/08/2018",268
"IP023273183BR","05/08/2018",268
"IP023273197BR","05/08/2018",268
"IP023273206BR","05/08/2018",269
"IP023273210BR","05/08/2018",269
"IP023273223BR","05/08/2018",269
"IP023273237BR","05/08/2018",270
"IP023273245BR","05/08/2018",270
"IP023273254BR","05/08/2018",270
"IP023273268BR","05/08/2018",271
"IP023273271BR","05/08/2018",271
"IP023273285BR","05/08/2018",272
"IP023273299BR","05/08/2018",272
"IP023273308BR","05/08/2018",273
"IP023273311BR","05/08/2018",274
"IP023273325BR","05/08/2018",274
"IP023273339BR","05/08/2018",274
"IP023273342BR","05/08/2018",274
"IP023273356BR","05/08/2018",275
"IP023273360BR","05/08/2018",276
"IP023273373BR","05/08/2018",276
"IP023273387BR","05/08/2018",276
"IP023273395BR","05/08/2018",277
"IP023273400BR","05/08/2018",277
"IP023273413BR","05/08/2018",278
"IP023273427BR","05/08/2018",279
"IP023273435BR","05/08/2018",279
"IP023273444BR","05/08/2018",279
"IP023273458BR","05/08/2018",280
"IP023273461BR","05/08/2018",280
"IP023273475BR","05/08/2018",281
"IP023273489BR","05/08/2018",281
"IP023273492BR","05/08/2018",281
"IP023273501BR","05/08/2018",282
"IP023273515BR","05/08/2018",282
"IP023273529BR","05/08/2018",282
"IP023273532BR","05/08/2018",283
"IP023273546BR","05/08/2018",283
"IP023273550BR","05/08/2018",284
"IP023273563BR","05/08/2018",284
"IP023273577BR","05/08/2018",285
"IP023273585BR","05/08/2018",286
"IP023273594BR","05/08/2018",286
"IP023273603BR","05/08/2018",287
"IP023273617BR","05/08/2018",287
"IP023273625BR","05/08/2018",288
"IP023273634BR","05/08/2018",288
"IP023450586BR","05/08/2018",2415
"IP023450590BR","05/08/2018",2415
"IP023450609BR","05/08/2018",2416
"IP023450612BR","05/08/2018",2416
"IP023450626BR","05/08/2018",2416
"IP023450630BR","05/08/2018",2416
"IP023450643BR","05/08/2018",2416
"IP023450657BR","05/08/2018",2417
"IP023450665BR","05/08/2018",2417
"IP023450674BR","05/08/2018",2418
"IP023450688BR","05/08/2018",2418
"IP023450691BR","05/08/2018",2419
"IP023450705BR","05/08/2018",2419
"IP023450714BR","05/08/2018",2420
"IP023450728BR","05/08/2018",2420
"IP023450731BR","05/08/2018",2420
"IP023450745BR","05/08/2018",2421
"IP023450759BR","05/08/2018",2421
"IP023450762BR","05/08/2018",2422
"IP023450776BR","05/08/2018",2423
"IP023450780BR","05/08/2018",2423
"IP023450793BR","05/08/2018",2423
"IP023450802BR","05/08/2018",2424
"IP023450816BR","05/08/2018",2424
"IP023450820BR","05/08/2018",2424
"IP023450833BR","05/08/2018",2425
"IP023450847BR","05/08/2018",2425
"IP023450855BR","05/08/2018",2426
"IP023450864BR","05/08/2018",2426
"IP023450878BR","05/08/2018",2427
"IP023450881BR","05/08/2018",2427
"IP023450895BR","05/08/2018",2427
"IP023450904BR","05/08/2018",2427
"IP023450918BR","05/08/2018",2428
"IP023450921BR","05/08/2018",2428
"IP023450935BR","05/08/2018",2428
"IP023450949BR","05/08/2018",2429
"IP023450952BR","05/08/2018",2429
"IP023450966BR","05/08/2018",2429
"IP023450970BR","05/08/2018",2430
"IP023450983BR","05/08/2018",2430
"IP023450997BR","05/08/2018",2430
"IP023451003BR","05/08/2018",2431
"IP023451017BR","05/08/2018",2432
"IP023451025BR","05/08/2018",2432
"IP023451034BR","05/08/2018",2432
"IP023451048BR","05/08/2018",2433
"IP023451051BR","05/08/2018",2433
"IP023451065BR","05/08/2018",2434
"IP023451079BR","05/08/2018",2435
"IP023451082BR","05/08/2018",2436
"IP023451096BR","05/08/2018",2436
"IP023451105BR","05/08/2018",2436
"IP023451119BR","05/08/2018",2437
"IP023451122BR","05/08/2018",2438
"IP023451136BR","05/08/2018",2415
"IP023451140BR","05/08/2018",2415
"IP023451153BR","05/08/2018",2416
"IP023451167BR","05/08/2018",2416
"IP023451175BR","05/08/2018",2416
"IP023451184BR","05/08/2018",2416
"IP023451198BR","05/08/2018",2416
"IP023451207BR","05/08/2018",2416
"IP023451215BR","05/08/2018",2417
"IP023451224BR","05/08/2018",2417
"IP023451238BR","05/08/2018",2417
"IP023451241BR","05/08/2018",2418
"IP023451255BR","05/08/2018",2418
"IP023451269BR","05/08/2018",2418
"IP023451272BR","05/08/2018",2419
"IP023451286BR","05/08/2018",2419
"IP023451290BR","05/08/2018",2420
"IP023451309BR","05/08/2018",2420
"IP023451312BR","05/08/2018",2420
"IP023451326BR","05/08/2018",2421
"IP023451330BR","05/08/2018",2421
"IP023451343BR","05/08/2018",2422
"IP023451357BR","05/08/2018",2423
"IP023451365BR","05/08/2018",2423
"IP023451374BR","05/08/2018",2423
"IP023451388BR","05/08/2018",2423
"IP023451391BR","05/08/2018",2424
"IP023451405BR","05/08/2018",2424
"IP023451414BR","05/08/2018",2424
"IP023451428BR","05/08/2018",2425
"IP023451431BR","05/08/2018",2425
"IP023451445BR","05/08/2018",2426
"IP023451459BR","05/08/2018",2426
"IP023451462BR","05/08/2018",2427
"IP023451476BR","05/08/2018",2427
"IP023451480BR","05/08/2018",2427
"IP023451493BR","05/08/2018",2427
"IP023451502BR","05/08/2018",2428
"IP023451516BR","05/08/2018",2428
"IP023451520BR","05/08/2018",2428
"IP023451533BR","05/08/2018",2429
"IP023451547BR","05/08/2018",2429
"IP023451555BR","05/08/2018",2429
"IP023451564BR","05/08/2018",2430
"IP023451578BR","05/08/2018",2430
"IP023451581BR","05/08/2018",2430
"IP023451595BR","05/08/2018",2431
"IP023451604BR","05/08/2018",2432
"IP023451618BR","05/08/2018",2432
"IP023451621BR","05/08/2018",2432
"IP023451635BR","05/08/2018",2433
"IP023451649BR","05/08/2018",2433
"IP023451652BR","05/08/2018",2434
"IP023451666BR","05/08/2018",2435
"IP023451670BR","05/08/2018",2436
"IP023451683BR","05/08/2018",2436
"IP023451697BR","05/08/2018",2436
"IP023451706BR","05/08/2018",2437
"IP023451710BR","05/08/2018",2438
"IP023455610BR","05/08/2018",2537
"IP023455623BR","05/08/2018",2537
"IP023455637BR","05/08/2018",2537
"IP023455645BR","05/08/2018",2537
"IP023455654BR","05/08/2018",2538
"IP023455668BR","05/08/2018",2538
"IP023455671BR","05/08/2018",2538
"IP023455685BR","05/08/2018",2539
"IP023455699BR","05/08/2018",2539
"IP023455708BR","05/08/2018",2540
"IP023455711BR","05/08/2018",2540
"IP023455725BR","05/08/2018",2541
"IP023455739BR","05/08/2018",2542
"IP023455742BR","05/08/2018",2542
"IP023455756BR","05/08/2018",2542
"IP023455760BR","05/08/2018",2542
"IP023455773BR","05/08/2018",2543
"IP023455787BR","05/08/2018",2544
"IP023455795BR","05/08/2018",2544
"IP023455800BR","05/08/2018",2545
"IP023455813BR","05/08/2018",2545
"IP023455827BR","05/08/2018",2545
"IP023455835BR","05/08/2018",2546
"IP023455844BR","05/08/2018",2546
"IP023455858BR","05/08/2018",2546
"IP023455861BR","05/08/2018",2547
"IP023455875BR","05/08/2018",2547
"IP023455889BR","05/08/2018",2547
"IP023455892BR","05/08/2018",2548
"IP023455901BR","05/08/2018",2548
"IP023455915BR","05/08/2018",2549
"IP023455929BR","05/08/2018",2549
"IP023455932BR","05/08/2018",2549
"IP023455946BR","05/08/2018",2550
"IP023455950BR","05/08/2018",2550
"IP023455963BR","05/08/2018",2551
"IP023455977BR","05/08/2018",2551
"IP023455985BR","05/08/2018",2551
"IP023455994BR","05/08/2018",2551
"IP023456005BR","05/08/2018",2552
"IP023456014BR","05/08/2018",2552
"IP023456028BR","05/08/2018",2552
"IP023456031BR","05/08/2018",2553
"IP023456045BR","05/08/2018",2553
"IP023456059BR","05/08/2018",2553
"IP023456062BR","05/08/2018",2554
"IP023456076BR","05/08/2018",2554
"IP023456080BR","05/08/2018",2555
"IP023456093BR","05/08/2018",2555
"IP023456102BR","05/08/2018",2555
"IP023456116BR","05/08/2018",2556
"IP023456120BR","05/08/2018",2556
"IP023456133BR","05/08/2018",2557
"IP023456147BR","05/08/2018",2557
"IP023456155BR","05/08/2018",2557
"IP023456164BR","05/08/2018",2558
"IP023456178BR","05/08/2018",2558
"IP023456181BR","05/08/2018",2559
"IP023456195BR","05/08/2018",2537
"IP023456204BR","05/08/2018",2537
"IP023456218BR","05/08/2018",2537
"IP023456221BR","05/08/2018",2537
"IP023456235BR","05/08/2018",2538
"IP023456249BR","05/08/2018",2538
"IP023456252BR","05/08/2018",2538
"IP023456266BR","05/08/2018",2538
"IP023456270BR","05/08/2018",2539
"IP023456283BR","05/08/2018",2539
"IP023456297BR","05/08/2018",2540
"IP023456306BR","05/08/2018",2540
"IP023456310BR","05/08/2018",2540
"IP023456323BR","05/08/2018",2541
"IP023456337BR","05/08/2018",2542
"IP023456345BR","05/08/2018",2542
"IP023456354BR","05/08/2018",2542
"IP023456368BR","05/08/2018",2542
"IP023456371BR","05/08/2018",2543
"IP023456385BR","05/08/2018",2544
"IP023456399BR","05/08/2018",2544
"IP023456408BR","05/08/2018",2545
"IP023456411BR","05/08/2018",2545
"IP023456425BR","05/08/2018",2545
"IP023456439BR","05/08/2018",2546
"IP023456442BR","05/08/2018",2546
"IP023456456BR","05/08/2018",2546
"IP023456460BR","05/08/2018",2547
"IP023456473BR","05/08/2018",2547
"IP023456487BR","05/08/2018",2547
"IP023456495BR","05/08/2018",2548
"IP023456500BR","05/08/2018",2548
"IP023456513BR","05/08/2018",2549
"IP023456527BR","05/08/2018",2549
"IP023456535BR","05/08/2018",2549
"IP023456544BR","05/08/2018",2550
"IP023456558BR","05/08/2018",2550
"IP023456561BR","05/08/2018",2551
"IP023456575BR","05/08/2018",2551
"IP023456589BR","05/08/2018",2551
"IP023456592BR","05/08/2018",2551
"IP023456601BR","05/08/2018",2551
"IP023456615BR","05/08/2018",2552
"IP023456629BR","05/08/2018",2552
"IP023456632BR","05/08/2018",2552
"IP023456646BR","05/08/2018",2552
"IP023456650BR","05/08/2018",2552
"IP023456663BR","05/08/2018",2553
"IP023456677BR","05/08/2018",2553
"IP023456685BR","05/08/2018",2553
"IP023456694BR","05/08/2018",2554
"IP023456703BR","05/08/2018",2554
"IP023456717BR","05/08/2018",2555
"IP023456725BR","05/08/2018",2555
"IP023456734BR","05/08/2018",2555
"IP023456748BR","05/08/2018",2556
"IP023456751BR","05/08/2018",2556
"IP023456765BR","05/08/2018",2557
"IP023456779BR","05/08/2018",2557
"IP023456782BR","05/08/2018",2557
"IP023456796BR","05/08/2018",2558
"IP023456805BR","05/08/2018",2558
"IP023456819BR","05/08/2018",2559
"IP023456822BR","05/08/2018",2560
"IP023456836BR","05/08/2018",2560
"IP023456840BR","05/08/2018",2560
"IP023456853BR","05/08/2018",2561
"IP023456867BR","05/08/2018",2561
"IP023456875BR","05/08/2018",2562
"IP023456884BR","05/08/2018",2563
"IP023456898BR","05/08/2018",2563
"IP023456907BR","05/08/2018",2564
"IP023456915BR","05/08/2018",2564
"IP023456924BR","05/08/2018",2564
"IP023456938BR","05/08/2018",2565
"IP023456941BR","05/08/2018",2565
"IP023456955BR","05/08/2018",2566
"IP023456969BR","05/08/2018",2566
"IP023456972BR","05/08/2018",2567
"IP023456986BR","05/08/2018",2568
"IP023456990BR","05/08/2018",2568
"IP023457006BR","05/08/2018",2568
"IP023457010BR","05/08/2018",2569
"IP023457023BR","05/08/2018",2569
"IP023457037BR","05/08/2018",2570
"IP023457045BR","05/08/2018",2571
"IP023457054BR","05/08/2018",2571
"IP023457068BR","05/08/2018",2572
"IP023457071BR","05/08/2018",2572
"IP023457085BR","05/08/2018",2573
"IP023457099BR","05/08/2018",2573
"IP023457108BR","05/08/2018",2574
"IP023457111BR","05/08/2018",2575
"IP023457125BR","05/08/2018",2575
"IP023457139BR","05/08/2018",2576
"IP023457142BR","05/08/2018",2577
"IP023457156BR","05/08/2018",2578
"IP023457160BR","05/08/2018",2579
"IP023457173BR","05/08/2018",2579
"IP023457187BR","05/08/2018",2580
"IP023457195BR","05/08/2018",2581
"IP023457200BR","05/08/2018",2582
"IP023457213BR","05/08/2018",2582
"IP023457227BR","05/08/2018",2583
"IP023457235BR","05/08/2018",2583
"IP023457244BR","05/08/2018",2584
"IP023457258BR","05/08/2018",2585
"IP023457261BR","05/08/2018",2585
"IP023457275BR","05/08/2018",2586
"IP023457289BR","05/08/2018",2586
"IP023457292BR","05/08/2018",2587
"IP023457301BR","05/08/2018",2587
"IP023457315BR","05/08/2018",2587
"IP023457329BR","05/08/2018",2587
"IP023457332BR","05/08/2018",2588
"IP023457346BR","05/08/2018",2588
"IP023457350BR","05/08/2018",2588
"IP023457363BR","05/08/2018",2588
"IP023457377BR","05/08/2018",2589
"IP023457385BR","05/08/2018",2589
"IP023457394BR","05/08/2018",2589
"IP023457403BR","05/08/2018",2589
"IP023457417BR","05/08/2018",2590
"IP023457425BR","05/08/2018",2590
"IP023457434BR","05/08/2018",2590
"IP023457448BR","05/08/2018",2590
"IP023457451BR","05/08/2018",2591
"IP023457465BR","05/08/2018",2591
"IP023457479BR","05/08/2018",2591
"IP023457482BR","05/08/2018",2592
"IP023457496BR","05/08/2018",2592
"IP023457505BR","05/08/2018",2593
"IP023457519BR","05/08/2018",2593
"IP023457522BR","05/08/2018",2593
"IP023457536BR","05/08/2018",2594
"IP023457540BR","05/08/2018",2594
"IP023457553BR","05/08/2018",2594
"IP023457567BR","05/08/2018",2595
"IP023457575BR","05/08/2018",2595
"IP023457584BR","05/08/2018",2595
"IP023457598BR","05/08/2018",2595
"IP023457607BR","05/08/2018",2596
"IP023457615BR","05/08/2018",2597
"IP023457624BR","05/08/2018",2597
"IP023457638BR","05/08/2018",2598
"IP023457641BR","05/08/2018",2598
"IP023457655BR","05/08/2018",2599
"IP023457669BR","05/08/2018",2599
"IP023457672BR","05/08/2018",2599
"IP023457686BR","05/08/2018",2600
"IP023457690BR","05/08/2018",2600
"IP023457709BR","05/08/2018",2600
"IP023457712BR","05/08/2018",2601
"IP023457726BR","05/08/2018",2601
"IP023457730BR","05/08/2018",2602
"IP023457743BR","05/08/2018",2602
"IP023457757BR","05/08/2018",2603
"IP023457765BR","05/08/2018",2603
"IP023457774BR","05/08/2018",2604
"IP023457788BR","05/08/2018",2604
"IP023457791BR","05/08/2018",2605
"IP023457805BR","05/08/2018",2605
"IP023457814BR","05/08/2018",2606
"IP023457828BR","05/08/2018",2606
"IP023457831BR","05/08/2018",2606
"IP023457845BR","05/08/2018",2606
"IP023457859BR","05/08/2018",2607
"IP023457862BR","05/08/2018",2608
"IP023457876BR","05/08/2018",2609
"IP023457880BR","05/08/2018",2609
"IP023457893BR","05/08/2018",2609
"IP023457902BR","05/08/2018",2610
"IP023457916BR","05/08/2018",2610
"IP023457920BR","05/08/2018",2610
"IP023457933BR","05/08/2018",2610
"IP023457947BR","05/08/2018",2611
"IP023457955BR","05/08/2018",2611
"IP023457964BR","05/08/2018",2611
"IP023457978BR","05/08/2018",2611
"IP023457981BR","05/08/2018",2612
"IP023457995BR","05/08/2018",2612
"IP023458001BR","05/08/2018",2613
"IP023458015BR","05/08/2018",2613
"IP023458029BR","05/08/2018",2613
"IP023458032BR","05/08/2018",2614
"IP023458046BR","05/08/2018",2615
"IP023458050BR","05/08/2018",2615
"IP023458063BR","05/08/2018",2616
"IP023458077BR","05/08/2018",2616
"IP023458085BR","05/08/2018",2616
"IP023458094BR","05/08/2018",2617
"IP023458103BR","05/08/2018",2617
"IP023458117BR","05/08/2018",2617
"IP023458125BR","05/08/2018",2618
"IP023458134BR","05/08/2018",2618
"IP023458148BR","05/08/2018",2618
"IP023458151BR","05/08/2018",2619
"IP023458165BR","05/08/2018",2619
"IP023458179BR","05/08/2018",2619
"IP023458182BR","05/08/2018",2620
"IP023458196BR","05/08/2018",2620
"IP023458205BR","05/08/2018",2621
"IP023458219BR","05/08/2018",2622
"IP023458222BR","05/08/2018",2622
"IP023458236BR","05/08/2018",2622
"IP023458240BR","05/08/2018",2623
"IP023458253BR","05/08/2018",2624
"IP023458267BR","05/08/2018",2624
"IP023458275BR","05/08/2018",2625
"IP023458284BR","05/08/2018",2625
"IP023458298BR","05/08/2018",2625
"IP023458307BR","05/08/2018",2626
"IP023458315BR","05/08/2018",2626
"IP023458324BR","05/08/2018",2627
"IP023458338BR","05/08/2018",2627
"IP023458341BR","05/08/2018",2627
"IP023458355BR","05/08/2018",2628
"IP023458369BR","05/08/2018",2628
"IP023458372BR","05/08/2018",2628
"IP023458386BR","05/08/2018",2629
"IP023458390BR","05/08/2018",2629
"IP023458409BR","05/08/2018",2629
"IP023458412BR","05/08/2018",2630
"IP023458426BR","05/08/2018",2630
"IP023458430BR","05/08/2018",2630
"IP023458443BR","05/08/2018",2630
"IP023458457BR","05/08/2018",2631
"IP023458465BR","05/08/2018",2631
"IP023458474BR","05/08/2018",2632
"IP023458488BR","05/08/2018",2632
"IP023458491BR","05/08/2018",2632
"IP023458505BR","05/08/2018",2632
"IP023458514BR","05/08/2018",2633
"IP023458528BR","05/08/2018",2634
"IP023458531BR","05/08/2018",2634
"IP023458545BR","05/08/2018",2635
"IP023458559BR","05/08/2018",2635
"IP023458562BR","05/08/2018",2635
"IP023458576BR","05/08/2018",2635
"IP023458580BR","05/08/2018",2636
"IP023458593BR","05/08/2018",2636
"IP023458602BR","05/08/2018",2636
"IP023458616BR","05/08/2018",2637
"IP023458620BR","05/08/2018",2637
"IP023458633BR","05/08/2018",2637
"IP023458647BR","05/08/2018",2637
"IP023458655BR","05/08/2018",2638
"IP023458664BR","05/08/2018",2638
"IP023458678BR","05/08/2018",2638
"IP023458681BR","05/08/2018",2639
"IP023458695BR","05/08/2018",2639
"IP023458704BR","05/08/2018",2639
"IP023458718BR","05/08/2018",2640
"IP023458721BR","05/08/2018",2640
"IP023458735BR","05/08/2018",2640
"IP023458749BR","05/08/2018",2641
"IP023458752BR","05/08/2018",2641
"IP023458766BR","05/08/2018",2642
"IP023458770BR","05/08/2018",2643
"IP023458783BR","05/08/2018",2643
"IP023458797BR","05/08/2018",2643
"IP023458806BR","05/08/2018",2644
"IP023458810BR","05/08/2018",2644
"IP023458823BR","05/08/2018",2644
"IP023458837BR","05/08/2018",2645
"IP023458845BR","05/08/2018",2645
"IP023458854BR","05/08/2018",2646
"IP023458868BR","05/08/2018",2646
"IP023458871BR","05/08/2018",2647
"IP023458885BR","05/08/2018",2648
"IP023458899BR","05/08/2018",2649
"IP023458908BR","05/08/2018",2649
"IP023458911BR","05/08/2018",2649
"IP023458925BR","05/08/2018",2650
"IP023458939BR","05/08/2018",2650
"IP023458942BR","05/08/2018",2651
"IP023458956BR","05/08/2018",2651
"IP023458960BR","05/08/2018",2652
"IP023458973BR","05/08/2018",2652
"IP023458987BR","05/08/2018",2653
"IP023458995BR","05/08/2018",2653
"IP023459007BR","05/08/2018",2654
"IP023459015BR","05/08/2018",2654
"IP023459024BR","05/08/2018",2655
"IP023459038BR","05/08/2018",2655
"IP023459041BR","05/08/2018",2656
"IP023459055BR","05/08/2018",2656
"IP023459069BR","05/08/2018",2657
"IP023459072BR","05/08/2018",2657
"IP023459086BR","05/08/2018",2658
"IP023459090BR","05/08/2018",2659
"IP023459109BR","05/08/2018",2659
"IP023459112BR","05/08/2018",2660
"IP023459126BR","05/08/2018",2661
"IP023459130BR","05/08/2018",2662
"IP023459143BR","05/08/2018",2663
"IP023459157BR","05/08/2018",2663
"IP023459165BR","05/08/2018",2664
"IP023459174BR","05/08/2018",2664
"IP023459188BR","05/08/2018",2665
"IP023459191BR","05/08/2018",2666
"IP023459205BR","05/08/2018",2666
"IP023459214BR","05/08/2018",2667
"IP023459228BR","05/08/2018",2667
"IP023459231BR","05/08/2018",2667
"IP023459245BR","05/08/2018",2668
"IP023459259BR","05/08/2018",2668
"IP023459262BR","05/08/2018",2668
"IP023459276BR","05/08/2018",2669
"IP023459280BR","05/08/2018",2669
"IP023459293BR","05/08/2018",2670
"IP023459302BR","05/08/2018",2670
"IP023459316BR","05/08/2018",2671
"IP023459320BR","05/08/2018",2671
"IP023459333BR","05/08/2018",2671
"IP023459347BR","05/08/2018",2671
"IP023459355BR","05/08/2018",2671
"IP023459364BR","05/08/2018",2672
"IP023459378BR","05/08/2018",2673
"IP023459381BR","05/08/2018",2673
"IP023459395BR","05/08/2018",2673
"IP023459404BR","05/08/2018",2674
"IP023459418BR","05/08/2018",2674
"IP023459421BR","05/08/2018",2675
"IP023459435BR","05/08/2018",2675
"IP023459449BR","05/08/2018",2676
"IP023459452BR","05/08/2018",2677
"IP023459466BR","05/08/2018",2677
"IP023459470BR","05/08/2018",2678
"IP023459483BR","05/08/2018",2679
"IP023459497BR","05/08/2018",2679
"IP023459506BR","05/08/2018",2679
"IP023459510BR","05/08/2018",2679
"IP023459523BR","05/08/2018",2680
"IP023459537BR","05/08/2018",2681
"IP023459545BR","05/08/2018",2682
"IP023459554BR","05/08/2018",2683
"IP023459568BR","05/08/2018",2683
"IP023459571BR","05/08/2018",2684
"IP023459585BR","05/08/2018",2684
"IP023459599BR","05/08/2018",2684
"IP023459608BR","05/08/2018",2685
"IP023459611BR","05/08/2018",2685
"IP023459625BR","05/08/2018",2686
"IP023459639BR","05/08/2018",2686
"IP023459642BR","05/08/2018",2687
"IP023459656BR","05/08/2018",2687
"IP023459660BR","05/08/2018",2687
"IP023459673BR","05/08/2018",2688
"IP023459687BR","05/08/2018",2688
"IP023459695BR","05/08/2018",2688
"IP023459700BR","05/08/2018",2689
"IP023459713BR","05/08/2018",2689
"IP023459727BR","05/08/2018",2690
"IP023459735BR","05/08/2018",2690
"IP023459744BR","05/08/2018",2691
"IP023459758BR","05/08/2018",2691
"IP023459761BR","05/08/2018",2691
"IP023459775BR","05/08/2018",2691
"IP023459789BR","05/08/2018",2692
"IP023459792BR","05/08/2018",2692
"IP023459801BR","05/08/2018",2693
"IP023459815BR","05/08/2018",2694
"IP023459829BR","05/08/2018",2694
"IP023459832BR","05/08/2018",2694
"IP023459846BR","05/08/2018",2695
"IP023459850BR","05/08/2018",2695
"IP023459863BR","05/08/2018",2695
"IP023459877BR","05/08/2018",2696
"IP023459885BR","05/08/2018",2696
"IP023459894BR","05/08/2018",2697
"IP023459903BR","05/08/2018",2697
"IP023459917BR","05/08/2018",2698
"IP023459925BR","05/08/2018",2698
"IP023459934BR","05/08/2018",2698
"IP023459948BR","05/08/2018",2699
"IP023459951BR","05/08/2018",2699
"IP023459965BR","05/08/2018",2699
"IP023459979BR","05/08/2018",2700
"IP023459982BR","05/08/2018",2700
"IP023459996BR","05/08/2018",2700
"IP023460005BR","05/08/2018",2700
"IP023460019BR","05/08/2018",2701
"IP023460022BR","05/08/2018",2701
"IP023460036BR","05/08/2018",2702
"IP023460040BR","05/08/2018",2702
"IP023460053BR","05/08/2018",2702
"IP023460067BR","05/08/2018",2703
"IP023460075BR","05/08/2018",2703
"IP023460084BR","05/08/2018",2704
"IP023460098BR","05/08/2018",2704
"IP023460107BR","05/08/2018",2705
"IP023460115BR","05/08/2018",2706
"IP023460124BR","05/08/2018",2706
"IP023460138BR","05/08/2018",2706
"IP023460141BR","05/08/2018",2706
"IP023460155BR","05/08/2018",2707
"IP023460169BR","05/08/2018",2707
"IP023460172BR","05/08/2018",2707
"IP023460186BR","05/08/2018",2707
"IP023460190BR","05/08/2018",2708
"IP023460209BR","05/08/2018",2708
"IP023460212BR","05/08/2018",2709
"IP023460226BR","05/08/2018",2709
"IP023460230BR","05/08/2018",2710
"IP023460243BR","05/08/2018",2710
"IP023460257BR","05/08/2018",2711
"IP023460265BR","05/08/2018",2711
"IP023460274BR","05/08/2018",2711
"IP023460288BR","05/08/2018",2711
"IP023460291BR","05/08/2018",2711
"IP023460305BR","05/08/2018",2712
"IP023460314BR","05/08/2018",2712
"IP023460328BR","05/08/2018",2712
"IP023460331BR","05/08/2018",2713
"IP023460345BR","05/08/2018",2714
"IP023460359BR","05/08/2018",2714
"IP023460362BR","05/08/2018",2715
"IP023460376BR","05/08/2018",2715
"IP023460380BR","05/08/2018",2716
"IP023460393BR","05/08/2018",2716
"IP023460402BR","05/08/2018",2717
"IP023460416BR","05/08/2018",2717
"IP023460420BR","05/08/2018",2717
"IP023460433BR","05/08/2018",2718
"IP023460447BR","05/08/2018",2718
"IP023460455BR","05/08/2018",2719
"IP023460464BR","05/08/2018",2719
"IP023460478BR","05/08/2018",2719
"IP023460481BR","05/08/2018",2720
"IP023460495BR","05/08/2018",2720
"IP023460504BR","05/08/2018",2720
"IP023460518BR","05/08/2018",2721
"IP023460521BR","05/08/2018",2722
"IP023460535BR","05/08/2018",2722
"IP023460549BR","05/08/2018",2723
"IP023460552BR","05/08/2018",2723
"IP023460566BR","05/08/2018",2724
"IP023460570BR","05/08/2018",2724
"IP023460583BR","05/08/2018",2725
"IP023460597BR","05/08/2018",2725
"IP023460606BR","05/08/2018",2726
"IP023460610BR","05/08/2018",2726
"IP023460623BR","05/08/2018",2726
"IP023460637BR","05/08/2018",2727
"IP023460645BR","05/08/2018",2727
"IP023460654BR","05/08/2018",2728
"IP023460668BR","05/08/2018",2728
"IP023460671BR","05/08/2018",2728
"IP023460685BR","05/08/2018",2728
"IP023460699BR","05/08/2018",2729
"IP023460708BR","05/08/2018",2729
"IP023460711BR","05/08/2018",2729
"IP023460725BR","05/08/2018",2730
"IP023460739BR","05/08/2018",2730
"IP023460742BR","05/08/2018",2731
"IP023460756BR","05/08/2018",2731
"IP023460760BR","05/08/2018",2731
"IP023460773BR","05/08/2018",2732
"IP023460787BR","05/08/2018",2733
"IP023460795BR","05/08/2018",2733
"IP023460800BR","05/08/2018",2733
"IP023460813BR","05/08/2018",2734
"IP023460827BR","05/08/2018",2734
"IP023460835BR","05/08/2018",2735
"IP023460844BR","05/08/2018",2735
"IP023460858BR","05/08/2018",2735
"IP023460861BR","05/08/2018",2736
"IP023460875BR","05/08/2018",2736
"IP023460889BR","05/08/2018",2736
"IP023460892BR","05/08/2018",2736
"IP023460901BR","05/08/2018",2737
"IP023460915BR","05/08/2018",2737
"IP023460929BR","05/08/2018",2738
"IP023460932BR","05/08/2018",2738
"IP023460946BR","05/08/2018",2738
"IP023460950BR","05/08/2018",2739
"IP023460963BR","05/08/2018",2739
"IP023460977BR","05/08/2018",2740
"IP023460985BR","05/08/2018",2740
"IP023460994BR","05/08/2018",2741
"IP023461005BR","05/08/2018",2741
"IP023461014BR","05/08/2018",2741
"IP023461028BR","05/08/2018",2742
"IP023461031BR","05/08/2018",2742
"IP023461045BR","05/08/2018",2742
"IP023461059BR","05/08/2018",2742
"IP023461062BR","05/08/2018",2743
"IP023461076BR","05/08/2018",2744
"IP023461080BR","05/08/2018",2744
"IP023461093BR","05/08/2018",2744
"IP023461102BR","05/08/2018",2744
"IP023461116BR","05/08/2018",2745
"IP023461120BR","05/08/2018",2745
"IP023461133BR","05/08/2018",2745
"IP023461147BR","05/08/2018",2746
"IP023461155BR","05/08/2018",2747
"IP023461164BR","05/08/2018",2747
"IP023461178BR","05/08/2018",2748
"IP023461181BR","05/08/2018",2748
"IP023461195BR","05/08/2018",2748
"IP023461204BR","05/08/2018",2749
"IP023461218BR","05/08/2018",2749
"IP023461221BR","05/08/2018",2749
"IP023461235BR","05/08/2018",2749
"IP023461249BR","05/08/2018",2750
"IP023461252BR","05/08/2018",2750
"IP023461266BR","05/08/2018",2750
"IP023461270BR","05/08/2018",2751
"IP023461283BR","05/08/2018",2751
"IP023461297BR","05/08/2018",2751
"IP023461306BR","05/08/2018",2752
"IP023461310BR","05/08/2018",2752
"IP023461323BR","05/08/2018",2753
"IP023461337BR","05/08/2018",2753
"IP023461345BR","05/08/2018",2754
"IP023461354BR","05/08/2018",2754
"IP023461368BR","05/08/2018",2755
"IP023461371BR","05/08/2018",2755
"IP023461385BR","05/08/2018",2756
"IP023461399BR","05/08/2018",2757
"IP023461408BR","05/08/2018",2757
"IP023461411BR","05/08/2018",2758
"IP023461425BR","05/08/2018",2759
"IP023461439BR","05/08/2018",2760
"IP023461442BR","05/08/2018",2760
"IP023461456BR","05/08/2018",2761
"IP023461460BR","05/08/2018",2761
"IP023461473BR","05/08/2018",2761
"IP023461487BR","05/08/2018",2762
"IP023461495BR","05/08/2018",2762
"IP023461500BR","05/08/2018",2762
"IP023461513BR","05/08/2018",2762
"IP023461527BR","05/08/2018",2763
"IP023461535BR","05/08/2018",2763
"IP023461544BR","05/08/2018",2764
"IP023461558BR","05/08/2018",2765
"IP023461561BR","05/08/2018",2765
"IP023461575BR","05/08/2018",2765
"IP023461589BR","05/08/2018",2766
"IP023461592BR","05/08/2018",2766
"IP023461601BR","05/08/2018",2767
"IP023461615BR","05/08/2018",2767
"IP023461629BR","05/08/2018",2767
"IP023461632BR","05/08/2018",2767
"IP023461646BR","05/08/2018",2768
"IP023461650BR","05/08/2018",2768
"IP023461663BR","05/08/2018",2768
"IP023461677BR","05/08/2018",2769
"IP023461685BR","05/08/2018",2769
"IP023461694BR","05/08/2018",2769
"IP023461703BR","05/08/2018",2769
"IP023461717BR","05/08/2018",2770
"IP023461725BR","05/08/2018",2770
"IP023461734BR","05/08/2018",2770
"IP023461748BR","05/08/2018",2770
"IP023461751BR","05/08/2018",2771
"IP023461765BR","05/08/2018",2771
"IP023461779BR","05/08/2018",2772
"IP023461782BR","05/08/2018",2772
"IP023461796BR","05/08/2018",2772
"IP023461805BR","05/08/2018",2772
"IP023461819BR","05/08/2018",2772
"IP023461822BR","05/08/2018",2773
"IP023461836BR","05/08/2018",2597
"IP023461840BR","05/08/2018",2597
"IP023461853BR","05/08/2018",2597
"IP023461867BR","05/08/2018",2775
"IP023461875BR","05/08/2018",2776
"IP023461884BR","05/08/2018",2776
"IP023461898BR","05/08/2018",2776
"IP023461907BR","05/08/2018",2777
"IP023461915BR","05/08/2018",2777
"IP023461924BR","05/08/2018",2777
"IP023461938BR","05/08/2018",2778
"IP023461941BR","05/08/2018",2778
"IP023461955BR","05/08/2018",2778
"IP023461969BR","05/08/2018",2778
"IP023461972BR","05/08/2018",2779
"IP023461986BR","05/08/2018",2779
"IP023461990BR","05/08/2018",2779
"IP023462006BR","05/08/2018",2780
"IP023462010BR","05/08/2018",2780
"IP023462023BR","05/08/2018",2780
"IP023462037BR","05/08/2018",2781
"IP023462045BR","05/08/2018",2781
"IP023462054BR","05/08/2018",2782
"IP023462068BR","05/08/2018",2782
"IP023462071BR","05/08/2018",2783
"IP023462085BR","05/08/2018",2783
"IP023462099BR","05/08/2018",2783
"IP023462108BR","05/08/2018",2784
"IP023462111BR","05/08/2018",2784
"IP023462125BR","05/08/2018",2784
"IP023462139BR","05/08/2018",2785
"IP023462142BR","05/08/2018",2785
"IP023462156BR","05/08/2018",2786
"IP023462160BR","05/08/2018",2786
"IP023462173BR","05/08/2018",2787
"IP023462187BR","05/08/2018",2787
"IP023462195BR","05/08/2018",2788
"IP023462200BR","05/08/2018",2788
"IP023462213BR","05/08/2018",2788
"IP023462227BR","05/08/2018",2789
"IP023462235BR","05/08/2018",2789
"IP023462244BR","05/08/2018",2790
"IP023462258BR","05/08/2018",2791
"IP023462261BR","05/08/2018",2792
"IP023462275BR","05/08/2018",2792
"IP023462289BR","05/08/2018",2793
"IP023462292BR","05/08/2018",2793
"IP023462301BR","05/08/2018",2794
"IP023462315BR","05/08/2018",2794
"IP023462329BR","05/08/2018",2795
"IP023462332BR","05/08/2018",2796
"IP023462346BR","05/08/2018",2797
"IP023462350BR","05/08/2018",2798
"IP023462363BR","05/08/2018",2560
"IP023462377BR","05/08/2018",2560
"IP023462385BR","05/08/2018",2560
"IP023462394BR","05/08/2018",2561
"IP023462403BR","05/08/2018",2561
"IP023462417BR","05/08/2018",2562
"IP023462425BR","05/08/2018",2562
"IP023462434BR","05/08/2018",2563
"IP023462448BR","05/08/2018",2563
"IP023462451BR","05/08/2018",2564
"IP023462465BR","05/08/2018",2564
"IP023462479BR","05/08/2018",2564
"IP023462482BR","05/08/2018",2565
"IP023462496BR","05/08/2018",2565
"IP023462505BR","05/08/2018",2566
"IP023462519BR","05/08/2018",2566
"IP023462522BR","05/08/2018",2567
"IP023462536BR","05/08/2018",2567
"IP023462540BR","05/08/2018",2568
"IP023462553BR","05/08/2018",2568
"IP023462567BR","05/08/2018",2568
"IP023462575BR","05/08/2018",2569
"IP023462584BR","05/08/2018",2569
"IP023462598BR","05/08/2018",2570
"IP023462607BR","05/08/2018",2570
"IP023462615BR","05/08/2018",2571
"IP023462624BR","05/08/2018",2571
"IP023462638BR","05/08/2018",2572
"IP023462641BR","05/08/2018",2572
"IP023462655BR","05/08/2018",2572
"IP023462669BR","05/08/2018",2573
"IP023462672BR","05/08/2018",2573
"IP023462686BR","05/08/2018",2574
"IP023462690BR","05/08/2018",2574
"IP023462709BR","05/08/2018",2575
"IP023462712BR","05/08/2018",2575
"IP023462726BR","05/08/2018",2576
"IP023462730BR","05/08/2018",2576
"IP023462743BR","05/08/2018",2577
"IP023462757BR","05/08/2018",2577
"IP023462765BR","05/08/2018",2578
"IP023462774BR","05/08/2018",2579
"IP023462788BR","05/08/2018",2579
"IP023462791BR","05/08/2018",2580
"IP023462805BR","05/08/2018",2581
"IP023462814BR","05/08/2018",2581
"IP023462828BR","05/08/2018",2582
"IP023462831BR","05/08/2018",2582
"IP023462845BR","05/08/2018",2582
"IP023462859BR","05/08/2018",2583
"IP023462862BR","05/08/2018",2583
"IP023462876BR","05/08/2018",2584
"IP023462880BR","05/08/2018",2585
"IP023462893BR","05/08/2018",2585
"IP023462902BR","05/08/2018",2586
"IP023462916BR","05/08/2018",2586
"IP023462920BR","05/08/2018",2587
"IP023462933BR","05/08/2018",2587
"IP023462947BR","05/08/2018",2587
"IP023462955BR","05/08/2018",2587
"IP023462964BR","05/08/2018",2588
"IP023462978BR","05/08/2018",2588
"IP023462981BR","05/08/2018",2588
"IP023462995BR","05/08/2018",2588
"IP023463001BR","05/08/2018",2589
"IP023463015BR","05/08/2018",2589
"IP023463029BR","05/08/2018",2589
"IP023463032BR","05/08/2018",2589
"IP023463046BR","05/08/2018",2590
"IP023463050BR","05/08/2018",2590
"IP023463063BR","05/08/2018",2590
"IP023463077BR","05/08/2018",2590
"IP023463085BR","05/08/2018",2591
"IP023463094BR","05/08/2018",2591
"IP023463103BR","05/08/2018",2591
"IP023463117BR","05/08/2018",2592
"IP023463125BR","05/08/2018",2592
"IP023463134BR","05/08/2018",2593
"IP023463148BR","05/08/2018",2593
"IP023463151BR","05/08/2018",2593
"IP023463165BR","05/08/2018",2594
"IP023463179BR","05/08/2018",2594
"IP023463182BR","05/08/2018",2594
"IP023463196BR","05/08/2018",2594
"IP023463205BR","05/08/2018",2595
"IP023463219BR","05/08/2018",2595
"IP023463222BR","05/08/2018",2595
"IP023463236BR","05/08/2018",2595
"IP023463240BR","05/08/2018",2596
"IP023463253BR","05/08/2018",2597
"IP023463267BR","05/08/2018",2597
"IP023463275BR","05/08/2018",2597
"IP023463284BR","05/08/2018",2598
"IP023463298BR","05/08/2018",2598
"IP023463307BR","05/08/2018",2599
"IP023463315BR","05/08/2018",2599
"IP023463324BR","05/08/2018",2599
"IP023463338BR","05/08/2018",2600
"IP023463341BR","05/08/2018",2600
"IP023463355BR","05/08/2018",2600
"IP023463369BR","05/08/2018",2601
"IP023463372BR","05/08/2018",2601
"IP023463386BR","05/08/2018",2602
"IP023463390BR","05/08/2018",2602
"IP023463409BR","05/08/2018",2603
"IP023463412BR","05/08/2018",2603
"IP023463426BR","05/08/2018",2604
"IP023463430BR","05/08/2018",2604
"IP023463443BR","05/08/2018",2605
"IP023463457BR","05/08/2018",2605
"IP023463465BR","05/08/2018",2606
"IP023463474BR","05/08/2018",2606
"IP023463488BR","05/08/2018",2606
"IP023463491BR","05/08/2018",2606
"IP023463505BR","05/08/2018",2607
"IP023463514BR","05/08/2018",2607
"IP023463528BR","05/08/2018",2608
"IP023463531BR","05/08/2018",2608
"IP023463545BR","05/08/2018",2609
"IP023463559BR","05/08/2018",2609
"IP023463562BR","05/08/2018",2609
"IP023463576BR","05/08/2018",2610
"IP023463580BR","05/08/2018",2610
"IP023463593BR","05/08/2018",2610
"IP023463602BR","05/08/2018",2610
"IP023463616BR","05/08/2018",2611
"IP023463620BR","05/08/2018",2611
"IP023463633BR","05/08/2018",2611
"IP023463647BR","05/08/2018",2611
"IP023463655BR","05/08/2018",2612
"IP023463664BR","05/08/2018",2612
"IP023463678BR","05/08/2018",2613
"IP023463681BR","05/08/2018",2613
"IP023463695BR","05/08/2018",2613
"IP023463704BR","05/08/2018",2613
"IP023463718BR","05/08/2018",2614
"IP023463721BR","05/08/2018",2614
"IP023463735BR","05/08/2018",2615
"IP023463749BR","05/08/2018",2615
"IP023463752BR","05/08/2018",2616
"IP023463766BR","05/08/2018",2616
"IP023463770BR","05/08/2018",2616
"IP023463783BR","05/08/2018",2617
"IP023463797BR","05/08/2018",2617
"IP023463806BR","05/08/2018",2617
"IP023463810BR","05/08/2018",2618
"IP023463823BR","05/08/2018",2618
"IP023463837BR","05/08/2018",2618
"IP023463845BR","05/08/2018",2619
"IP023463854BR","05/08/2018",2619
"IP023463868BR","05/08/2018",2619
"IP023463871BR","05/08/2018",2620
"IP023463885BR","05/08/2018",2620
"IP023463899BR","05/08/2018",2621
"IP023463908BR","05/08/2018",2622
"IP023463911BR","05/08/2018",2622
"IP023463925BR","05/08/2018",2622
"IP023463939BR","05/08/2018",2623
"IP023463942BR","05/08/2018",2624
"IP023463956BR","05/08/2018",2624
"IP023463960BR","05/08/2018",2625
"IP023463973BR","05/08/2018",2625
"IP023463987BR","05/08/2018",2625
"IP023463995BR","05/08/2018",2626
"IP023464007BR","05/08/2018",2626
"IP023464015BR","05/08/2018",2627
"IP023464024BR","05/08/2018",2627
"IP023464038BR","05/08/2018",2627
"IP023464041BR","05/08/2018",2628
"IP023464055BR","05/08/2018",2628
"IP023464069BR","05/08/2018",2628
"IP023464072BR","05/08/2018",2628
"IP023464086BR","05/08/2018",2629
"IP023464090BR","05/08/2018",2629
"IP023464109BR","05/08/2018",2629
"IP023464112BR","05/08/2018",2630
"IP023464126BR","05/08/2018",2630
"IP023464130BR","05/08/2018",2630
"IP023464143BR","05/08/2018",2630
"IP023464157BR","05/08/2018",2631
"IP023464165BR","05/08/2018",2631
"IP023464174BR","05/08/2018",2632
"IP023464188BR","05/08/2018",2632
"IP023464191BR","05/08/2018",2632
"IP023464205BR","05/08/2018",2632
"IP023464214BR","05/08/2018",2633
"IP023464228BR","05/08/2018",2634
"IP023464231BR","05/08/2018",2634
"IP023464245BR","05/08/2018",2634
"IP023464259BR","05/08/2018",2635
"IP023464262BR","05/08/2018",2635
"IP023464276BR","05/08/2018",2635
"IP023464280BR","05/08/2018",2635
"IP023464293BR","05/08/2018",2636
"IP023464302BR","05/08/2018",2636
"IP023464316BR","05/08/2018",2636
"IP023464320BR","05/08/2018",2637
"IP023464333BR","05/08/2018",2637
"IP023464347BR","05/08/2018",2637
"IP023464355BR","05/08/2018",2637
"IP023464364BR","05/08/2018",2638
"IP023464378BR","05/08/2018",2638
"IP023464381BR","05/08/2018",2638
"IP023464395BR","05/08/2018",2639
"IP023464404BR","05/08/2018",2639
"IP023464418BR","05/08/2018",2639
"IP023464421BR","05/08/2018",2640
"IP023464435BR","05/08/2018",2640
"IP023464449BR","05/08/2018",2640
"IP023464452BR","05/08/2018",2641
"IP023464466BR","05/08/2018",2641
"IP023464470BR","05/08/2018",2642
"IP023464483BR","05/08/2018",2642
"IP023464497BR","05/08/2018",2643
"IP023464506BR","05/08/2018",2643
"IP023464510BR","05/08/2018",2643
"IP023464523BR","05/08/2018",2644
"IP023464537BR","05/08/2018",2644
"IP023464545BR","05/08/2018",2644
"IP023464554BR","05/08/2018",2644
"IP023464568BR","05/08/2018",2645
"IP023464571BR","05/08/2018",2645
"IP023464585BR","05/08/2018",2646
"IP023464599BR","05/08/2018",2646
"IP023464608BR","05/08/2018",2647
"IP023464611BR","05/08/2018",2648
"IP023464625BR","05/08/2018",2649
"IP023464639BR","05/08/2018",2649
"IP023464642BR","05/08/2018",2649
"IP023464656BR","05/08/2018",2650
"IP023464660BR","05/08/2018",2650
"IP023464673BR","05/08/2018",2650
"IP023464687BR","05/08/2018",2651
"IP023464695BR","05/08/2018",2651
"IP023464700BR","05/08/2018",2651
"IP023464713BR","05/08/2018",2652
"IP023464727BR","05/08/2018",2652
"IP023464735BR","05/08/2018",2653
"IP023464744BR","05/08/2018",2653
"IP023464758BR","05/08/2018",2654
"IP023464761BR","05/08/2018",2654
"IP023464775BR","05/08/2018",2655
"IP023464789BR","05/08/2018",2655
"IP023464792BR","05/08/2018",2656
"IP023464801BR","05/08/2018",2656
"IP023464815BR","05/08/2018",2657
"IP023464829BR","05/08/2018",2657
"IP023464832BR","05/08/2018",2657
"IP023464846BR","05/08/2018",2658
"IP023464850BR","05/08/2018",2658
"IP023464863BR","05/08/2018",2659
"IP023464877BR","05/08/2018",2659
"IP023464885BR","05/08/2018",2659
"IP023464894BR","05/08/2018",2660
"IP023464903BR","05/08/2018",2661
"IP023464917BR","05/08/2018",2662
"IP023464925BR","05/08/2018",2663
"IP023464934BR","05/08/2018",2663
"IP023464948BR","05/08/2018",2664
"IP023464951BR","05/08/2018",2664
"IP023464965BR","05/08/2018",2665
"IP023464979BR","05/08/2018",2665
"IP023464982BR","05/08/2018",2666
"IP023464996BR","05/08/2018",2666
"IP023465002BR","05/08/2018",2666
"IP023465016BR","05/08/2018",2667
"IP023465020BR","05/08/2018",2667
"IP023465033BR","05/08/2018",2667
"IP023465047BR","05/08/2018",2667
"IP023465055BR","05/08/2018",2668
"IP023465064BR","05/08/2018",2668
"IP023465078BR","05/08/2018",2668
"IP023465081BR","05/08/2018",2669
"IP023465095BR","05/08/2018",2669
"IP023465104BR","05/08/2018",2670
"IP023465118BR","05/08/2018",2670
"IP023465121BR","05/08/2018",2671
"IP023465135BR","05/08/2018",2671
"IP023465149BR","05/08/2018",2671
"IP023465152BR","05/08/2018",2671
"IP023465166BR","05/08/2018",2671
"IP023465170BR","05/08/2018",2671
"IP023465183BR","05/08/2018",2672
"IP023465197BR","05/08/2018",2673
"IP023465206BR","05/08/2018",2673
"IP023465210BR","05/08/2018",2673
"IP023465223BR","05/08/2018",2674
"IP023465237BR","05/08/2018",2674
"IP023465245BR","05/08/2018",2675
"IP023465254BR","05/08/2018",2675
"IP023465268BR","05/08/2018",2676
"IP023465271BR","05/08/2018",2676
"IP023465285BR","05/08/2018",2677
"IP023465299BR","05/08/2018",2677
"IP023465308BR","05/08/2018",2678
"IP023465311BR","05/08/2018",2679
"IP023465325BR","05/08/2018",2679
"IP023465339BR","05/08/2018",2679
"IP023465342BR","05/08/2018",2679
"IP023465356BR","05/08/2018",2680
"IP023465360BR","05/08/2018",2681
"IP023465373BR","05/08/2018",2681
"IP023465387BR","05/08/2018",2682
"IP023465395BR","05/08/2018",2683
"IP023465400BR","05/08/2018",2683
"IP023465413BR","05/08/2018",2684
"IP023465427BR","05/08/2018",2684
"IP023465435BR","05/08/2018",2684
"IP023465444BR","05/08/2018",2685
"IP023465458BR","05/08/2018",2685
"IP023465461BR","05/08/2018",2686
"IP023465475BR","05/08/2018",2686
"IP023465489BR","05/08/2018",2686
"IP023465492BR","05/08/2018",2687
"IP023465501BR","05/08/2018",2687
"IP023465515BR","05/08/2018",2687
"IP023465529BR","05/08/2018",2688
"IP023465532BR","05/08/2018",2688
"IP023465546BR","05/08/2018",2688
"IP023465550BR","05/08/2018",2689
"IP023465563BR","05/08/2018",2689
"IP023465577BR","05/08/2018",2690
"IP023465585BR","05/08/2018",2690
"IP023465594BR","05/08/2018",2691
"IP023465603BR","05/08/2018",2691
"IP023465617BR","05/08/2018",2691
"IP023465625BR","05/08/2018",2691
"IP023465634BR","05/08/2018",2692
"IP023465648BR","05/08/2018",2692
"IP023465651BR","05/08/2018",2692
"IP023465665BR","05/08/2018",2693
"IP023465679BR","05/08/2018",2694
"IP023465682BR","05/08/2018",2694
"IP023465696BR","05/08/2018",2694
"IP023465705BR","05/08/2018",2695
"IP023465719BR","05/08/2018",2695
"IP023465722BR","05/08/2018",2695
"IP023465736BR","05/08/2018",2696
"IP023465740BR","05/08/2018",2696
"IP023465753BR","05/08/2018",2697
"IP023465767BR","05/08/2018",2697
"IP023465775BR","05/08/2018",2698
"IP023465784BR","05/08/2018",2698
"IP023465798BR","05/08/2018",2698
"IP023465807BR","05/08/2018",2699
"IP023465815BR","05/08/2018",2699
"IP023465824BR","05/08/2018",2699
"IP023465838BR","05/08/2018",2699
"IP023465841BR","05/08/2018",2700
"IP023465855BR","05/08/2018",2700
"IP023465869BR","05/08/2018",2700
"IP023465872BR","05/08/2018",2700
"IP023465886BR","05/08/2018",2701
"IP023465890BR","05/08/2018",2701
"IP023465909BR","05/08/2018",2702
"IP023465912BR","05/08/2018",2702
"IP023465926BR","05/08/2018",2702
"IP023465930BR","05/08/2018",2703
"IP023465943BR","05/08/2018",2703
"IP023465957BR","05/08/2018",2704
"IP023465965BR","05/08/2018",2704
"IP023465974BR","05/08/2018",2705
"IP023465988BR","05/08/2018",2705
"IP023465991BR","05/08/2018",2706
"IP023466008BR","05/08/2018",2706
"IP023466011BR","05/08/2018",2706
"IP023466025BR","05/08/2018",2706
"IP023466039BR","05/08/2018",2707
"IP023466042BR","05/08/2018",2707
"IP023466056BR","05/08/2018",2707
"IP023466060BR","05/08/2018",2707
"IP023466073BR","05/08/2018",2707
"IP023466087BR","05/08/2018",2708
"IP023466095BR","05/08/2018",2708
"IP023466100BR","05/08/2018",2709
"IP023466113BR","05/08/2018",2709
"IP023466127BR","05/08/2018",2710
"IP023466135BR","05/08/2018",2710
"IP023466144BR","05/08/2018",2711
"IP023466158BR","05/08/2018",2711
"IP023466161BR","05/08/2018",2711
"IP023466175BR","05/08/2018",2711
"IP023466189BR","05/08/2018",2711
"IP023466192BR","05/08/2018",2712
"IP023466201BR","05/08/2018",2712
"IP023466215BR","05/08/2018",2712
"IP023466229BR","05/08/2018",2713
"IP023466232BR","05/08/2018",2714
"IP023466246BR","05/08/2018",2714
"IP023466250BR","05/08/2018",2715
"IP023466263BR","05/08/2018",2715
"IP023466277BR","05/08/2018",2715
"IP023466285BR","05/08/2018",2716
"IP023466294BR","05/08/2018",2716
"IP023466303BR","05/08/2018",2716
"IP023466317BR","05/08/2018",2717
"IP023466325BR","05/08/2018",2717
"IP023466334BR","05/08/2018",2717
"IP023466348BR","05/08/2018",2718
"IP023466351BR","05/08/2018",2718
"IP023466365BR","05/08/2018",2719
"IP023466379BR","05/08/2018",2719
"IP023466382BR","05/08/2018",2719
"IP023466396BR","05/08/2018",2720
"IP023466405BR","05/08/2018",2720
"IP023466419BR","05/08/2018",2720
"IP023466422BR","05/08/2018",2721
"IP023466436BR","05/08/2018",2721
"IP023466440BR","05/08/2018",2722
"IP023466453BR","05/08/2018",2722
"IP023466467BR","05/08/2018",2723
"IP023466475BR","05/08/2018",2723
"IP023466484BR","05/08/2018",2724
"IP023466498BR","05/08/2018",2724
"IP023466507BR","05/08/2018",2725
"IP023466515BR","05/08/2018",2725
"IP023466524BR","05/08/2018",2726
"IP023466538BR","05/08/2018",2726
"IP023466541BR","05/08/2018",2726
"IP023466555BR","05/08/2018",2727
"IP023466569BR","05/08/2018",2727
"IP023466572BR","05/08/2018",2727
"IP023466586BR","05/08/2018",2728
"IP023466590BR","05/08/2018",2728
"IP023466609BR","05/08/2018",2728
"IP023466612BR","05/08/2018",2728
"IP023466626BR","05/08/2018",2729
"IP023466630BR","05/08/2018",2729
"IP023466643BR","05/08/2018",2729
"IP023466657BR","05/08/2018",2730
"IP023466665BR","05/08/2018",2730
"IP023466674BR","05/08/2018",2730
"IP023466688BR","05/08/2018",2731
"IP023466691BR","05/08/2018",2731
"IP023466705BR","05/08/2018",2731
"IP023466714BR","05/08/2018",2732
"IP023466728BR","05/08/2018",2732
"IP023466731BR","05/08/2018",2733
"IP023466745BR","05/08/2018",2733
"IP023466759BR","05/08/2018",2733
"IP023466762BR","05/08/2018",2734
"IP023466776BR","05/08/2018",2734
"IP023466780BR","05/08/2018",2735
"IP023466793BR","05/08/2018",2735
"IP023466802BR","05/08/2018",2735
"IP023466816BR","05/08/2018",2736
"IP023466820BR","05/08/2018",2736
"IP023466833BR","05/08/2018",2736
"IP023466847BR","05/08/2018",2736
"IP023466855BR","05/08/2018",2737
"IP023466864BR","05/08/2018",2737
"IP023466878BR","05/08/2018",2737
"IP023466881BR","05/08/2018",2738
"IP023466895BR","05/08/2018",2738
"IP023466904BR","05/08/2018",2738
"IP023466918BR","05/08/2018",2739
"IP023466921BR","05/08/2018",2739
"IP023466935BR","05/08/2018",2740
"IP023466949BR","05/08/2018",2740
"IP023466952BR","05/08/2018",2741
"IP023466966BR","05/08/2018",2741
"IP023466970BR","05/08/2018",2741
"IP023466983BR","05/08/2018",2742
"IP023466997BR","05/08/2018",2742
"IP023467003BR","05/08/2018",2742
"IP023467017BR","05/08/2018",2742
"IP023467025BR","05/08/2018",2743
"IP023467034BR","05/08/2018",2743
"IP023467048BR","05/08/2018",2744
"IP023467051BR","05/08/2018",2744
"IP023467065BR","05/08/2018",2744
"IP023467079BR","05/08/2018",2744
"IP023467082BR","05/08/2018",2745
"IP023467096BR","05/08/2018",2745
"IP023467105BR","05/08/2018",2745
"IP023467119BR","05/08/2018",2746
"IP023467122BR","05/08/2018",2747
"IP023467136BR","05/08/2018",2747
"IP023467140BR","05/08/2018",2748
"IP023467153BR","05/08/2018",2748
"IP023467167BR","05/08/2018",2748
"IP023467175BR","05/08/2018",2749
"IP023467184BR","05/08/2018",2749
"IP023467198BR","05/08/2018",2749
"IP023467207BR","05/08/2018",2749
"IP023467215BR","05/08/2018",2750
"IP023467224BR","05/08/2018",2750
"IP023467238BR","05/08/2018",2750
"IP023467241BR","05/08/2018",2751
"IP023467255BR","05/08/2018",2751
"IP023467269BR","05/08/2018",2751
"IP023467272BR","05/08/2018",2752
"IP023467286BR","05/08/2018",2752
"IP023467290BR","05/08/2018",2752
"IP023467309BR","05/08/2018",2753
"IP023467312BR","05/08/2018",2753
"IP023467326BR","05/08/2018",2754
"IP023467330BR","05/08/2018",2754
"IP023467343BR","05/08/2018",2755
"IP023467357BR","05/08/2018",2755
"IP023467365BR","05/08/2018",2756
"IP023467374BR","05/08/2018",2756
"IP023467388BR","05/08/2018",2757
"IP023467391BR","05/08/2018",2757
"IP023467405BR","05/08/2018",2758
"IP023467414BR","05/08/2018",2758
"IP023467428BR","05/08/2018",2759
"IP023467431BR","05/08/2018",2760
"IP023467445BR","05/08/2018",2760
"IP023467459BR","05/08/2018",2761
"IP023467462BR","05/08/2018",2761
"IP023467476BR","05/08/2018",2761
"IP023467480BR","05/08/2018",2762
"IP023467493BR","05/08/2018",2762
"IP023467502BR","05/08/2018",2762
"IP023467516BR","05/08/2018",2762
"IP023467520BR","05/08/2018",2763
"IP023467533BR","05/08/2018",2763
"IP023467547BR","05/08/2018",2764
"IP023467555BR","05/08/2018",2765
"IP023467564BR","05/08/2018",2765
"IP023467578BR","05/08/2018",2765
"IP023467581BR","05/08/2018",2766
"IP023467595BR","05/08/2018",2766
"IP023467604BR","05/08/2018",2767
"IP023467618BR","05/08/2018",2767
"IP023467621BR","05/08/2018",2767
"IP023467635BR","05/08/2018",2767
"IP023467649BR","05/08/2018",2768
"IP023467652BR","05/08/2018",2768
"IP023467666BR","05/08/2018",2768
"IP023467670BR","05/08/2018",2769
"IP023467683BR","05/08/2018",2769
"IP023467697BR","05/08/2018",2769
"IP023467706BR","05/08/2018",2769
"IP023467710BR","05/08/2018",2770
"IP023467723BR","05/08/2018",2770
"IP023467737BR","05/08/2018",2770
"IP023467745BR","05/08/2018",2770
"IP023467754BR","05/08/2018",2771
"IP023467768BR","05/08/2018",2771
"IP023467771BR","05/08/2018",2772
"IP023467785BR","05/08/2018",2772
"IP023467799BR","05/08/2018",2772
"IP023467808BR","05/08/2018",2772
"IP023467811BR","05/08/2018",2772
"IP023467825BR","05/08/2018",2773
"IP023467839BR","05/08/2018",2597
"IP023467842BR","05/08/2018",2597
"IP023467856BR","05/08/2018",2597
"IP023467860BR","05/08/2018",2775
"IP023467873BR","05/08/2018",2775
"IP023467887BR","05/08/2018",2776
"IP023467895BR","05/08/2018",2776
"IP023467900BR","05/08/2018",2776
"IP023467913BR","05/08/2018",2776
"IP023467927BR","05/08/2018",2777
"IP023467935BR","05/08/2018",2777
"IP023467944BR","05/08/2018",2777
"IP023467958BR","05/08/2018",2778
"IP023467961BR","05/08/2018",2778
"IP023467975BR","05/08/2018",2778
"IP023467989BR","05/08/2018",2778
"IP023467992BR","05/08/2018",2779
"IP023468009BR","05/08/2018",2779
"IP023468012BR","05/08/2018",2779
"IP023468026BR","05/08/2018",2780
"IP023468030BR","05/08/2018",2780
"IP023468043BR","05/08/2018",2780
"IP023468057BR","05/08/2018",2781
"IP023468065BR","05/08/2018",2781
"IP023468074BR","05/08/2018",2782
"IP023468088BR","05/08/2018",2782
"IP023468091BR","05/08/2018",2783
"IP023468105BR","05/08/2018",2783
"IP023468114BR","05/08/2018",2783
"IP023468128BR","05/08/2018",2784
"IP023468131BR","05/08/2018",2784
"IP023468145BR","05/08/2018",2784
"IP023468159BR","05/08/2018",2785
"IP023468162BR","05/08/2018",2785
"IP023468176BR","05/08/2018",2786
"IP023468180BR","05/08/2018",2786
"IP023468193BR","05/08/2018",2787
"IP023468202BR","05/08/2018",2787
"IP023468216BR","05/08/2018",2787
"IP023468220BR","05/08/2018",2788
"IP023468233BR","05/08/2018",2788
"IP023468247BR","05/08/2018",2788
"IP023468255BR","05/08/2018",2789
"IP023468264BR","05/08/2018",2789
"IP023468278BR","05/08/2018",2790
"IP023468281BR","05/08/2018",2790
"IP023468295BR","05/08/2018",2791
"IP023468304BR","05/08/2018",2792
"IP023468318BR","05/08/2018",2792
"IP023468321BR","05/08/2018",2793
"IP023468335BR","05/08/2018",2793
"IP023468349BR","05/08/2018",2794
"IP023468352BR","05/08/2018",2794
"IP023468366BR","05/08/2018",2795
"IP023468370BR","05/08/2018",2796
"IP023468383BR","05/08/2018",2796
"IP023468397BR","05/08/2018",2797
"IP023468406BR","05/08/2018",2798
"IP023480821BR","05/08/2018",2573
"IP023480835BR","05/08/2018",2573
"IP023487714BR","05/08/2018",2706
"IP023487728BR","05/08/2018",2706
"IP023487731BR","05/08/2018",2706
"IP023487745BR","05/08/2018",2706
"IP023487759BR","05/08/2018",2706
"IP023488873BR","05/08/2018",2573
"IP023488887BR","05/08/2018",2573
"IP023489065BR","05/08/2018",2573
"IP023489074BR","05/08/2018",2573
"IP023489088BR","05/08/2018",2573
"IP023496852BR","05/08/2018",2706
"IP023496866BR","05/08/2018",2706
"IP023496870BR","05/08/2018",2706
"IP023496883BR","05/08/2018",2706
"IP023496897BR","05/08/2018",2706
"IP023498181BR","05/08/2018",2573
"IP023498195BR","05/08/2018",2573
"IP023498204BR","05/08/2018",2573
"IP023587482BR","05/08/2018",2592
"IP023588678BR","05/08/2018",2592
"IP023634390BR","05/08/2018",2604
"IP023634409BR","05/08/2018",2604
"IP023639057BR","05/08/2018",2604
"IP023639065BR","05/08/2018",2604
